"publish_date";"procedure_id";"lot_id";"start_price";"reqnum";"procedure_name";"subject";"is_smp";"customer_inn";"customer_kpp";"is_eshop_or_aisgz"
2025-01-01;9100000;9200000;1341190.00;;Поставка продуктов питания для школьной столовой;Поставка продуктов питания для школьной столовой;true;"7800010100";"780001001";АИС ГЗ
2025-02-04;9100001;9200001;1632830.00;;Поставка круп и бакалеи;Поставка круп и бакалеи;false;"7800011101";"780001001";ЭМ
2025-03-07;9100002;9200002;212090.00;;Поставка молочной продукции;Поставка молочной продукции;false;"7800012102";"780001001";ЭМ
2025-04-10;9100003;9200003;2209120.00;;Поставка замороженных овощей и ягод;Поставка замороженных овощей и ягод;false;"7800013103";"780001001";АИС ГЗ
2025-05-13;9100004;9200004;1512740.00;;Поставка моющих и чистящих средств;Поставка моющих и чистящих средств;true;"7800014104";"780001001";ЭМ
2025-06-16;9100005;9200005;252640.00;;Поставка бумаги для офисной техники;Поставка бумаги для офисной техники;false;"7800015105";"780001001";ЭМ
2025-07-19;9100006;9200006;894040.00;;Поставка канцелярских товаров;Поставка канцелярских товаров;false;"7800016106";"780001001";АИС ГЗ
2025-08-22;9100007;9200007;367550.00;;Оказание услуг по уборке помещений;Оказание услуг по уборке помещений;false;"7800010107";"780001001";ЭМ
2025-09-25;9100008;9200008;1727080.00;;Техническое обслуживание оборудования бассейна;Техническое обслуживание оборудования бассейна;true;"7800011108";"780001001";ЭМ
2025-01-01;9100009;9200009;1000110.00;;Поставка картриджей для принтеров;Поставка картриджей для принтеров;false;"7800012109";"780001001";АИС ГЗ
2025-02-04;9100010;9200010;2272540.00;;Поставка медицинских перчаток;Поставка медицинских перчаток;false;"7800013110";"780001001";ЭМ
2025-03-07;9100011;9200011;257720.00;;Поставка мебели для учебных классов;Поставка мебели для учебных классов;false;"7800014111";"780001001";ЭМ
2025-04-10;9100012;9200012;522280.00;;Поставка спортивного инвентаря;Поставка спортивного инвентаря;true;"7800015112";"780001001";АИС ГЗ
2025-05-13;9100013;9200013;268730.00;;Оказание услуг связи;Оказание услуг связи;false;"7800016113";"780001001";ЭМ
2025-06-16;9100014;9200014;1639060.00;;Поставка хозяйственных товаров;Поставка хозяйственных товаров;false;"7800010114";"780001001";ЭМ
2025-07-19;9100015;9200015;920050.00;;Поверка весоизмерительной техники;Поверка весоизмерительной техники;false;"7800011115";"780001001";АИС ГЗ
2025-08-22;9100016;9200016;2295170.00;;Поставка овощей и фруктов;Поставка овощей и фруктов;true;"7800012116";"780001001";ЭМ
2025-09-25;9100017;9200017;1201530.00;;Поставка хлеба и хлебобулочных изделий;Поставка хлеба и хлебобулочных изделий;false;"7800013117";"780001001";ЭМ
2025-01-01;9100018;9200018;605690.00;;Поставка мяса и мясной продукции;Поставка мяса и мясной продукции;false;"7800014118";"780001001";АИС ГЗ
2025-02-04;9100019;9200019;497730.00;;Поставка рыбы мороженой;Поставка рыбы мороженой;false;"7800015119";"780001001";ЭМ
2025-03-07;9100020;9200020;1278710.00;;Ремонт кровли здания;Ремонт кровли здания;true;"7800016120";"780001001";ЭМ
2025-04-10;9100021;9200021;755130.00;;Поставка светодиодных ламп;Поставка светодиодных ламп;false;"7800010121";"780001001";АИС ГЗ
2025-05-13;9100022;9200022;2397730.00;;Поставка средств индивидуальной защиты;Поставка средств индивидуальной защиты;false;"7800011122";"780001001";ЭМ
2025-06-16;9100023;9200023;784470.00;;Поставка компьютерной техники;Поставка компьютерной техники;false;"7800012123";"780001001";ЭМ
2025-07-19;9100024;9200024;414700.00;;Поставка учебной литературы;Поставка учебной литературы;true;"7800013124";"780001001";АИС ГЗ
2025-08-22;9100025;9200025;272720.00;;Обслуживание систем пожарной сигнализации;Обслуживание систем пожарной сигнализации;false;"7800014125";"780001001";ЭМ
2025-09-25;9100026;9200026;259790.00;;Поставка кондитерских изделий;Поставка кондитерских изделий;false;"7800015126";"780001001";ЭМ
2025-01-01;9100027;9200027;858630.00;;Поставка соков и напитков;Поставка соков и напитков;false;"7800016127";"780001001";АИС ГЗ
2025-02-04;9100028;9200028;2192540.00;;Поставка посуды для пищеблока;Поставка посуды для пищеблока;true;"7800010128";"780001001";ЭМ
2025-03-07;9100029;9200029;1301590.00;;Поставка постельного белья;Поставка постельного белья;false;"7800011129";"780001001";ЭМ
2025-04-10;9100030;9200030;1871460.00;;Поставка лабораторной посуды;Поставка лабораторной посуды;false;"7800012130";"780001001";АИС ГЗ
2025-05-13;9100031;9200031;1242310.00;;Вывоз твёрдых коммунальных отходов;Вывоз твёрдых коммунальных отходов;false;"7800013131";"780001001";ЭМ
